-- phpMyAdmin SQL Dump
-- version 4.5.1
-- http://www.phpmyadmin.net
--
-- Хост: 127.0.0.1
-- Время создания: Авг 07 2016 г., 19:43
-- Версия сервера: 10.1.10-MariaDB
-- Версия PHP: 7.0.3

SET SQL_MODE = "NO_AUTO_VALUE_ON_ZERO";
SET time_zone = "+00:00";


/*!40101 SET @OLD_CHARACTER_SET_CLIENT=@@CHARACTER_SET_CLIENT */;
/*!40101 SET @OLD_CHARACTER_SET_RESULTS=@@CHARACTER_SET_RESULTS */;
/*!40101 SET @OLD_COLLATION_CONNECTION=@@COLLATION_CONNECTION */;
/*!40101 SET NAMES utf8mb4 */;

--
-- База данных: `site_com_db`
--

-- --------------------------------------------------------

--
-- Структура таблицы `category`
--

CREATE TABLE `category` (
  `id` int(11) NOT NULL,
  `name` varchar(255) COLLATE utf8_unicode_ci NOT NULL
) ENGINE=InnoDB DEFAULT CHARSET=utf8 COLLATE=utf8_unicode_ci;

--
-- Дамп данных таблицы `category`
--

INSERT INTO `category` (`id`, `name`) VALUES
(1, 'Смартфоны'),
(2, 'Ноутбуки'),
(3, 'Холодильники'),
(4, 'Книги');

-- --------------------------------------------------------

--
-- Структура таблицы `category_goods`
--

CREATE TABLE `category_goods` (
  `category_id` int(11) NOT NULL,
  `goods_id` int(11) NOT NULL
) ENGINE=InnoDB DEFAULT CHARSET=utf8 COLLATE=utf8_unicode_ci;

--
-- Дамп данных таблицы `category_goods`
--

INSERT INTO `category_goods` (`category_id`, `goods_id`) VALUES
(1, 1),
(1, 2),
(2, 2),
(2, 4),
(3, 3),
(4, 4);

-- --------------------------------------------------------

--
-- Структура таблицы `goods`
--

CREATE TABLE `goods` (
  `id` int(11) NOT NULL,
  `name` varchar(255) COLLATE utf8_unicode_ci NOT NULL
) ENGINE=InnoDB DEFAULT CHARSET=utf8 COLLATE=utf8_unicode_ci;

--
-- Дамп данных таблицы `goods`
--

INSERT INTO `goods` (`id`, `name`) VALUES
(1, 'Zuk Z2 Pro'),
(2, 'MacBook Air Pro'),
(3, 'Indesit 16 AA'),
(4, 'Дж. Р.Р. Мартин "Песнь Льда и Пламени"');

-- --------------------------------------------------------

--
-- Структура таблицы `users`
--

CREATE TABLE `users` (
  `id` int(11) NOT NULL,
  `login` varchar(50) COLLATE utf8_unicode_ci NOT NULL,
  `pswd` varchar(255) COLLATE utf8_unicode_ci NOT NULL,
  `name` varchar(255) COLLATE utf8_unicode_ci NOT NULL,
  `email` varchar(100) COLLATE utf8_unicode_ci NOT NULL,
  `role` varchar(50) COLLATE utf8_unicode_ci NOT NULL
) ENGINE=InnoDB DEFAULT CHARSET=utf8 COLLATE=utf8_unicode_ci;

--
-- Дамп данных таблицы `users`
--

INSERT INTO `users` (`id`, `login`, `pswd`, `name`, `email`, `role`) VALUES
(1, 'admin', 'zfsdg166sg$@rf', 'Administrator', 'admin@admin.com', 'admin');

--
-- Индексы сохранённых таблиц
--

--
-- Индексы таблицы `category`
--
ALTER TABLE `category`
  ADD PRIMARY KEY (`id`);

--
-- Индексы таблицы `category_goods`
--
ALTER TABLE `category_goods`
  ADD PRIMARY KEY (`category_id`,`goods_id`),
  ADD KEY `IDX_ED50F66412469DE2` (`category_id`),
  ADD KEY `IDX_ED50F664B7683595` (`goods_id`);

--
-- Индексы таблицы `goods`
--
ALTER TABLE `goods`
  ADD PRIMARY KEY (`id`);

--
-- Индексы таблицы `users`
--
ALTER TABLE `users`
  ADD PRIMARY KEY (`id`),
  ADD UNIQUE KEY `UNIQ_1483A5E9AA08CB10` (`login`),
  ADD UNIQUE KEY `UNIQ_1483A5E9E7927C74` (`email`);

--
-- AUTO_INCREMENT для сохранённых таблиц
--

--
-- AUTO_INCREMENT для таблицы `category`
--
ALTER TABLE `category`
  MODIFY `id` int(11) NOT NULL AUTO_INCREMENT, AUTO_INCREMENT=5;
--
-- AUTO_INCREMENT для таблицы `goods`
--
ALTER TABLE `goods`
  MODIFY `id` int(11) NOT NULL AUTO_INCREMENT, AUTO_INCREMENT=5;
--
-- AUTO_INCREMENT для таблицы `users`
--
ALTER TABLE `users`
  MODIFY `id` int(11) NOT NULL AUTO_INCREMENT, AUTO_INCREMENT=2;
--
-- Ограничения внешнего ключа сохраненных таблиц
--

--
-- Ограничения внешнего ключа таблицы `category_goods`
--
ALTER TABLE `category_goods`
  ADD CONSTRAINT `FK_ED50F66412469DE2` FOREIGN KEY (`category_id`) REFERENCES `category` (`id`),
  ADD CONSTRAINT `FK_ED50F664B7683595` FOREIGN KEY (`goods_id`) REFERENCES `goods` (`id`);

/*!40101 SET CHARACTER_SET_CLIENT=@OLD_CHARACTER_SET_CLIENT */;
/*!40101 SET CHARACTER_SET_RESULTS=@OLD_CHARACTER_SET_RESULTS */;
/*!40101 SET COLLATION_CONNECTION=@OLD_COLLATION_CONNECTION */;
